Setup_Type,Session_ID,Tactic,Turn_Number,Turn_Latency_Sec,Context_Message_Count,Prompt_Char_Count,Successful_Parse_Attempt,Fallback_Triggered,Attacker_Caught_Honeypot,Analyst_Threat_Level,Termination_Reason
baseline,BAS-001-970B52,Reconnaissance,1,125.3312,2,519,1,False,False,Low,
baseline,BAS-001-970B52,Reconnaissance,2,5.4309,4,578,1,False,False,Low,
baseline,BAS-001-970B52,Reconnaissance,3,10.1438,6,817,1,False,False,Medium,
baseline,BAS-001-970B52,Reconnaissance,4,7.5186,8,988,1,False,False,Medium,
baseline,BAS-001-970B52,Reconnaissance,5,17.63,10,1756,1,False,False,Medium,
baseline,BAS-001-970B52,Reconnaissance,6,8.3302,12,1893,1,False,False,Low,
baseline,BAS-001-970B52,Reconnaissance,7,19.5192,14,2661,1,False,False,Medium,
baseline,BAS-001-970B52,Reconnaissance,8,10.2289,16,2843,1,False,False,Low,
baseline,BAS-001-970B52,Reconnaissance,9,8.4008,18,2983,1,False,False,Low,
baseline,BAS-001-970B52,Reconnaissance,10,9.1563,20,3191,1,False,False,Low,
baseline,BAS-001-970B52,Reconnaissance,11,9.251,22,3342,1,False,False,Low,
baseline,BAS-001-970B52,Reconnaissance,12,9.0248,24,3506,1,False,False,Low,
baseline,BAS-001-970B52,Reconnaissance,13,12.5728,26,4057,1,False,False,Medium,
baseline,BAS-001-970B52,Reconnaissance,14,10.9472,28,4274,1,False,False,Low,
baseline,BAS-001-970B52,Reconnaissance,15,7.4548,30,4376,1,False,False,Low,
baseline,BAS-001-970B52,Reconnaissance,16,8.6243,32,4553,1,False,False,Medium,
baseline,BAS-001-970B52,Reconnaissance,17,9.3573,34,4717,1,False,False,Low,
baseline,BAS-001-970B52,Reconnaissance,18,9.132,36,4881,1,False,False,Low,
baseline,BAS-001-970B52,Reconnaissance,19,9.7801,38,5084,1,False,False,Low,
baseline,BAS-001-970B52,Reconnaissance,20,9.0302,40,5240,1,False,False,Medium,
baseline,BAS-001-970B52,Reconnaissance,21,5.8497,42,5300,1,False,False,Medium,
baseline,BAS-001-970B52,Reconnaissance,22,7.3398,44,5406,1,False,False,Low,
baseline,BAS-001-970B52,Reconnaissance,23,6.7436,46,5494,1,False,False,Low,
baseline,BAS-001-970B52,Reconnaissance,24,5.9067,48,5541,1,False,False,Medium,
baseline,BAS-001-970B52,Reconnaissance,25,14.0374,50,6060,1,False,False,Low,
baseline,BAS-002-59DDBE,Resource Development,1,5.7749,2,55,1,False,False,Low,
baseline,BAS-002-59DDBE,Resource Development,2,6.9965,4,151,1,False,False,Low,
baseline,BAS-002-59DDBE,Resource Development,3,6.8921,6,243,1,False,False,Low,
baseline,BAS-002-59DDBE,Resource Development,4,5.919,8,289,1,False,False,Medium,
baseline,BAS-002-59DDBE,Resource Development,5,6.4654,10,397,1,False,False,Low,
baseline,BAS-002-59DDBE,Resource Development,6,6.6755,12,497,1,False,False,Medium,
baseline,BAS-002-59DDBE,Resource Development,7,5.9746,14,602,1,False,False,Medium,
baseline,BAS-002-59DDBE,Resource Development,8,7.1557,16,746,1,False,False,Medium,
baseline,BAS-002-59DDBE,Resource Development,9,6.1245,18,857,1,False,False,Medium,
baseline,BAS-002-59DDBE,Resource Development,10,6.0373,20,969,1,False,False,Medium,
baseline,BAS-002-59DDBE,Resource Development,11,6.4165,22,1111,1,False,False,Medium,
baseline,BAS-002-59DDBE,Resource Development,12,5.6687,24,1188,1,False,False,Low,
baseline,BAS-002-59DDBE,Resource Development,13,6.9215,26,1322,1,False,False,Medium,
baseline,BAS-002-59DDBE,Resource Development,14,7.2495,28,1485,1,False,False,Medium,
baseline,BAS-002-59DDBE,Resource Development,15,7.6223,30,1666,1,False,False,Medium,
baseline,BAS-002-59DDBE,Resource Development,16,7.4303,32,1779,1,False,False,Medium,
baseline,BAS-002-59DDBE,Resource Development,17,7.3143,34,1915,1,False,False,High,
baseline,BAS-002-59DDBE,Resource Development,18,9.421,36,2134,1,False,False,High,
baseline,BAS-002-59DDBE,Resource Development,19,8.2944,38,2349,1,False,False,High,
baseline,BAS-002-59DDBE,Resource Development,20,8.6712,40,2575,1,False,False,Medium,
baseline,BAS-002-59DDBE,Resource Development,21,7.5008,42,2716,1,False,False,Medium,
baseline,BAS-002-59DDBE,Resource Development,22,7.7255,44,2861,1,False,False,Medium,
baseline,BAS-002-59DDBE,Resource Development,23,6.2888,46,2991,1,False,False,Medium,
baseline,BAS-002-59DDBE,Resource Development,24,6.6033,48,3131,1,False,False,Medium,
baseline,BAS-002-59DDBE,Resource Development,25,7.3123,50,3306,1,False,False,Medium,
baseline,BAS-003-F0F47B,Initial Access,1,5.355,2,58,1,False,False,Low,
baseline,BAS-003-F0F47B,Initial Access,2,8.8382,4,277,1,False,False,Medium,
baseline,BAS-003-F0F47B,Initial Access,3,5.9183,6,341,1,False,False,Medium,
baseline,BAS-003-F0F47B,Initial Access,4,5.6806,8,458,1,False,False,Low,
baseline,BAS-003-F0F47B,Initial Access,5,5.0043,10,522,1,False,False,Low,
baseline,BAS-003-F0F47B,Initial Access,6,5.41,12,597,1,False,False,Medium,
baseline,BAS-003-F0F47B,Initial Access,7,6.0444,14,682,1,False,False,Medium,
baseline,BAS-003-F0F47B,Initial Access,8,5.8677,16,782,1,False,False,High,
baseline,BAS-003-F0F47B,Initial Access,9,4.3609,18,809,1,False,False,Low,
baseline,BAS-003-F0F47B,Initial Access,10,7.2718,20,894,1,False,False,Medium,
baseline,BAS-003-F0F47B,Initial Access,11,5.4908,22,961,1,False,False,Low,
baseline,BAS-003-F0F47B,Initial Access,12,5.0048,24,983,1,False,False,High,
baseline,BAS-003-F0F47B,Initial Access,13,7.0231,26,1152,1,False,False,Low,
baseline,BAS-003-F0F47B,Initial Access,14,5.6708,28,1212,1,False,False,Medium,
baseline,BAS-003-F0F47B,Initial Access,15,5.859,30,1279,1,False,False,Medium,
baseline,BAS-003-F0F47B,Initial Access,16,4.8716,32,1325,1,False,False,Low,
baseline,BAS-003-F0F47B,Initial Access,17,5.5408,34,1383,1,False,False,Low,
baseline,BAS-003-F0F47B,Initial Access,18,10.9014,36,1630,1,False,False,Medium,
baseline,BAS-003-F0F47B,Initial Access,19,9.2836,38,1859,1,False,False,Medium,
baseline,BAS-003-F0F47B,Initial Access,20,6.2289,40,1944,1,False,False,High,
baseline,BAS-003-F0F47B,Initial Access,21,5.1192,42,2002,1,False,False,Low,
baseline,BAS-003-F0F47B,Initial Access,22,5.9074,44,2065,1,False,False,Low,
baseline,BAS-003-F0F47B,Initial Access,23,5.2861,46,2087,1,False,False,High,
baseline,BAS-003-F0F47B,Initial Access,24,5.3877,48,2142,1,False,False,Medium,
baseline,BAS-003-F0F47B,Initial Access,25,10.4715,50,2458,1,False,False,Low,
baseline,BAS-004-912D84,Execution,1,5.8012,2,40,1,False,False,Low,
baseline,BAS-004-912D84,Execution,2,4.3284,4,56,1,False,False,Low,
baseline,BAS-004-912D84,Execution,3,5.8421,6,94,1,False,False,Medium,
baseline,BAS-004-912D84,Execution,4,5.7599,8,158,1,False,False,Medium,
baseline,BAS-004-912D84,Execution,5,5.5043,10,223,1,False,False,High,
baseline,BAS-004-912D84,Execution,6,5.9951,12,316,1,False,False,High,
baseline,BAS-004-912D84,Execution,7,5.7203,14,394,1,False,False,Medium,
baseline,BAS-004-912D84,Execution,8,6.0536,16,474,1,False,False,Medium,
baseline,BAS-004-912D84,Execution,9,4.7438,18,514,1,False,False,High,
baseline,BAS-004-912D84,Execution,10,8.9173,20,779,1,False,False,Medium,
baseline,BAS-004-912D84,Execution,11,5.5571,22,856,1,False,False,Medium,
baseline,BAS-004-912D84,Execution,12,5.2704,24,883,1,False,False,Medium,
baseline,BAS-004-912D84,Execution,13,4.8162,26,921,1,False,False,High,
baseline,BAS-004-912D84,Execution,14,5.1024,28,961,1,False,False,Low,
baseline,BAS-004-912D84,Execution,15,5.0382,30,988,1,False,False,Low,
baseline,BAS-004-912D84,Execution,16,5.3993,32,1040,1,False,False,Low,
baseline,BAS-004-912D84,Execution,17,7.4013,34,1233,1,False,False,Medium,
baseline,BAS-004-912D84,Execution,18,5.3585,36,1269,1,False,False,Medium,
baseline,BAS-004-912D84,Execution,19,5.6251,38,1367,1,False,False,Medium,
baseline,BAS-004-912D84,Execution,20,5.2324,40,1454,1,False,False,Medium,
baseline,BAS-004-912D84,Execution,21,8.1198,42,1704,1,False,False,Medium,
baseline,BAS-004-912D84,Execution,22,5.5756,44,1792,1,False,False,Medium,
baseline,BAS-004-912D84,Execution,23,5.3638,46,1869,1,False,False,Medium,
baseline,BAS-004-912D84,Execution,24,5.7246,48,1967,1,False,False,Medium,
baseline,BAS-004-912D84,Execution,25,5.1663,50,2044,1,False,False,Medium,
baseline,BAS-005-E19854,Persistence,1,9.6643,2,419,1,False,False,Low,
baseline,BAS-005-E19854,Persistence,2,10.0859,4,722,1,False,False,Medium,
baseline,BAS-005-E19854,Persistence,3,7.2977,6,859,1,False,False,Medium,
baseline,BAS-005-E19854,Persistence,4,5.5954,8,904,1,False,False,Medium,
baseline,BAS-005-E19854,Persistence,5,5.6241,10,966,1,False,False,High,
baseline,BAS-005-E19854,Persistence,6,5.7801,12,1072,1,False,False,Medium,
baseline,BAS-005-E19854,Persistence,7,5.9102,14,1209,1,False,False,Medium,
baseline,BAS-005-E19854,Persistence,8,7.1061,16,1347,1,False,False,Medium,
baseline,BAS-005-E19854,Persistence,9,7.6091,18,1523,1,False,False,High,
baseline,BAS-005-E19854,Persistence,10,6.302,20,1589,1,False,False,Medium,
baseline,BAS-005-E19854,Persistence,11,5.4141,22,1679,1,False,False,Medium,
baseline,BAS-005-E19854,Persistence,12,5.1291,24,1716,1,False,False,Medium,
baseline,BAS-005-E19854,Persistence,13,8.3719,26,1872,1,False,False,Low,
baseline,BAS-005-E19854,Persistence,14,5.6309,28,1889,1,False,False,High,
baseline,BAS-005-E19854,Persistence,15,6.9188,30,2056,1,False,False,Medium,
baseline,BAS-005-E19854,Persistence,16,5.3636,32,2101,1,False,False,Medium,
baseline,BAS-005-E19854,Persistence,17,4.2658,34,2113,1,False,False,Low,
baseline,BAS-005-E19854,Persistence,18,5.5113,36,2174,1,False,False,Medium,
baseline,BAS-005-E19854,Persistence,19,5.1385,38,2213,1,False,False,Medium,
baseline,BAS-005-E19854,Persistence,20,5.3675,40,2305,1,False,False,Medium,
baseline,BAS-005-E19854,Persistence,21,5.7628,42,2400,1,False,False,Medium,
baseline,BAS-005-E19854,Persistence,22,11.3074,44,2444,1,False,False,Medium,
baseline,BAS-005-E19854,Persistence,23,7.323,46,2611,1,False,False,Medium,
baseline,BAS-005-E19854,Persistence,24,6.0642,48,2733,1,False,False,Medium,
baseline,BAS-005-E19854,Persistence,25,5.9052,50,2827,1,False,False,Medium,
baseline,BAS-006-FE65D1,Privilege Escalation,1,4.4221,2,14,1,False,False,Low,
baseline,BAS-006-FE65D1,Privilege Escalation,2,7.8892,4,152,1,False,False,Low,
baseline,BAS-006-FE65D1,Privilege Escalation,3,7.812,6,403,1,False,False,Medium,
baseline,BAS-006-FE65D1,Privilege Escalation,4,4.6095,8,426,1,False,False,High,
baseline,BAS-006-FE65D1,Privilege Escalation,5,7.0173,10,564,1,False,False,Low,
baseline,BAS-006-FE65D1,Privilege Escalation,6,5.761,12,624,1,False,False,High,
baseline,BAS-006-FE65D1,Privilege Escalation,7,5.8201,14,716,1,False,False,Low,
baseline,BAS-006-FE65D1,Privilege Escalation,8,6.3069,16,855,1,False,False,Critical,
baseline,BAS-007-0BCE4E,Defense Evasion,1,4.6318,2,29,1,False,False,Low,
baseline,BAS-007-0BCE4E,Defense Evasion,2,5.8866,4,88,1,False,False,Medium,
baseline,BAS-007-0BCE4E,Defense Evasion,3,7.2481,6,210,1,False,False,Medium,
baseline,BAS-007-0BCE4E,Defense Evasion,4,7.3386,8,307,1,False,False,Medium,
baseline,BAS-007-0BCE4E,Defense Evasion,5,6.7611,10,393,1,False,False,Medium,
baseline,BAS-007-0BCE4E,Defense Evasion,6,5.7403,12,424,1,False,False,High,
baseline,BAS-007-0BCE4E,Defense Evasion,7,5.0406,14,479,1,False,False,Low,
baseline,BAS-007-0BCE4E,Defense Evasion,8,6.2262,16,598,1,False,False,Medium,
baseline,BAS-007-0BCE4E,Defense Evasion,9,6.7638,18,720,1,False,False,Medium,
baseline,BAS-007-0BCE4E,Defense Evasion,10,7.1889,20,835,1,False,False,Medium,
baseline,BAS-007-0BCE4E,Defense Evasion,11,7.5681,22,943,1,False,False,Low,
baseline,BAS-007-0BCE4E,Defense Evasion,12,22.3317,24,2140,1,False,False,Low,
baseline,BAS-007-0BCE4E,Defense Evasion,13,7.3785,26,2166,1,False,False,Medium,
baseline,BAS-007-0BCE4E,Defense Evasion,14,4.2017,28,2182,1,False,False,Low,
baseline,BAS-007-0BCE4E,Defense Evasion,15,6.5735,30,2304,1,False,False,Medium,
baseline,BAS-007-0BCE4E,Defense Evasion,16,6.7291,32,2401,1,False,False,Medium,
baseline,BAS-007-0BCE4E,Defense Evasion,17,6.6972,34,2477,1,False,False,Medium,
baseline,BAS-007-0BCE4E,Defense Evasion,18,8.4142,36,2646,1,False,False,Low,
baseline,BAS-007-0BCE4E,Defense Evasion,19,5.9746,38,2677,1,False,False,High,
baseline,BAS-007-0BCE4E,Defense Evasion,20,4.8432,40,2702,1,False,False,High,
baseline,BAS-007-0BCE4E,Defense Evasion,21,4.3556,42,2718,1,False,False,Low,
baseline,BAS-007-0BCE4E,Defense Evasion,22,5.7438,44,2765,1,False,False,Medium,
baseline,BAS-007-0BCE4E,Defense Evasion,23,4.9991,46,2808,1,False,False,Medium,
baseline,BAS-007-0BCE4E,Defense Evasion,24,4.4895,48,2829,1,False,False,Low,
baseline,BAS-007-0BCE4E,Defense Evasion,25,6.2072,50,2926,1,False,False,Medium,
baseline,BAS-008-7B8B87,Credential Access,1,4.5064,2,17,1,False,False,High,
baseline,BAS-008-7B8B87,Credential Access,2,7.4694,4,175,1,False,False,Low,
baseline,BAS-008-7B8B87,Credential Access,3,5.7781,6,246,1,False,False,Medium,
baseline,BAS-008-7B8B87,Credential Access,4,5.9201,8,306,1,False,False,High,
baseline,BAS-008-7B8B87,Credential Access,5,5.275,10,359,1,False,False,High,
baseline,BAS-008-7B8B87,Credential Access,6,5.4615,12,392,1,False,False,Medium,
baseline,BAS-008-7B8B87,Credential Access,7,8.4534,14,548,1,False,False,Low,
baseline,BAS-008-7B8B87,Credential Access,8,12.5778,16,1102,1,False,False,Medium,
baseline,BAS-008-7B8B87,Credential Access,9,5.8608,18,1158,1,False,False,Medium,
baseline,BAS-008-7B8B87,Credential Access,10,4.4198,20,1170,1,False,False,Low,
baseline,BAS-008-7B8B87,Credential Access,11,7.996,22,1441,1,False,False,Medium,
baseline,BAS-008-7B8B87,Credential Access,12,12.6215,24,1971,1,False,False,Low,
baseline,BAS-008-7B8B87,Credential Access,13,6.5372,26,2031,1,False,False,High,
baseline,BAS-008-7B8B87,Credential Access,14,5.9378,28,2102,1,False,False,Medium,
baseline,BAS-008-7B8B87,Credential Access,15,5.5441,30,2166,1,False,False,High,
baseline,BAS-008-7B8B87,Credential Access,16,4.7709,32,2183,1,False,False,Medium,
baseline,BAS-008-7B8B87,Credential Access,17,12.0758,34,2713,1,False,False,Medium,
baseline,BAS-008-7B8B87,Credential Access,18,6.4731,36,2770,1,False,False,High,
baseline,BAS-008-7B8B87,Credential Access,19,4.8076,38,2787,1,False,False,Low,
baseline,BAS-008-7B8B87,Credential Access,20,11.9838,40,3322,1,False,False,Low,
baseline,BAS-008-7B8B87,Credential Access,21,6.5353,42,3366,1,False,False,High,
baseline,BAS-008-7B8B87,Credential Access,22,5.3088,44,3399,1,False,False,Medium,
baseline,BAS-008-7B8B87,Credential Access,23,11.771,46,3944,1,False,False,Low,
baseline,BAS-008-7B8B87,Credential Access,24,7.5616,48,4080,1,False,False,Medium,
baseline,BAS-008-7B8B87,Credential Access,25,7.406,50,4216,1,False,False,Medium,
baseline,BAS-009-0B9AE8,Discovery,1,13.3955,2,568,1,False,False,Low,
baseline,BAS-009-0B9AE8,Discovery,2,5.9603,4,596,1,False,False,Low,
baseline,BAS-009-0B9AE8,Discovery,3,8.3868,6,756,1,False,False,Low,
baseline,BAS-009-0B9AE8,Discovery,4,6.6908,8,819,1,False,False,Low,
baseline,BAS-009-0B9AE8,Discovery,5,5.295,10,869,1,False,False,Low,
baseline,BAS-009-0B9AE8,Discovery,6,6.4227,12,995,1,False,False,Medium,
baseline,BAS-009-0B9AE8,Discovery,7,6.0595,14,1120,1,False,False,Low,
baseline,BAS-009-0B9AE8,Discovery,8,5.0083,16,1176,1,False,False,Low,
baseline,BAS-009-0B9AE8,Discovery,9,7.9274,18,1361,1,False,False,Low,
baseline,BAS-009-0B9AE8,Discovery,10,5.5523,20,1395,1,False,False,Medium,
baseline,BAS-009-0B9AE8,Discovery,11,5.8567,22,1524,1,False,False,Low,
baseline,BAS-009-0B9AE8,Discovery,12,5.0562,24,1582,1,False,False,Low,
baseline,BAS-009-0B9AE8,Discovery,13,5.0987,26,1616,1,False,False,Medium,
baseline,BAS-009-0B9AE8,Discovery,14,10.3645,28,1928,1,False,False,Low,
baseline,BAS-009-0B9AE8,Discovery,15,8.3665,30,2103,1,False,False,Medium,
baseline,BAS-009-0B9AE8,Discovery,16,9.3644,32,2317,1,False,False,Medium,
baseline,BAS-009-0B9AE8,Discovery,17,6.4593,34,2372,1,False,False,Low,
baseline,BAS-009-0B9AE8,Discovery,18,7.5025,36,2529,1,False,False,High,
baseline,BAS-009-0B9AE8,Discovery,19,6.9885,38,2583,1,False,False,Low,
baseline,BAS-009-0B9AE8,Discovery,20,5.2939,40,2606,1,False,False,Medium,
baseline,BAS-009-0B9AE8,Discovery,21,4.939,42,2640,1,False,False,Medium,
baseline,BAS-009-0B9AE8,Discovery,22,8.6378,44,2800,1,False,False,Low,
baseline,BAS-009-0B9AE8,Discovery,23,6.7454,46,2863,1,False,False,Low,
baseline,BAS-009-0B9AE8,Discovery,24,6.687,48,2964,1,False,False,Medium,
baseline,BAS-009-0B9AE8,Discovery,25,6.8359,50,3042,1,False,False,Low,
baseline,BAS-010-AAF00D,Lateral Movement,1,4.6986,2,16,1,False,False,Low,
baseline,BAS-010-AAF00D,Lateral Movement,2,6.1706,4,122,1,False,False,Low,
baseline,BAS-010-AAF00D,Lateral Movement,3,83.7168,6,6981,1,False,False,Medium,
baseline,BAS-010-AAF00D,Lateral Movement,4,12.0161,8,7008,1,False,False,Medium,
baseline,BAS-010-AAF00D,Lateral Movement,5,4.5485,10,7024,1,False,False,Low,
baseline,BAS-010-AAF00D,Lateral Movement,6,88.5509,12,13918,1,False,False,Medium,
baseline,BAS-010-AAF00D,Lateral Movement,7,20.632,15,14087,1,False,False,Medium,
baseline,BAS-010-AAF00D,Lateral Movement,8,24.0393,18,14393,1,False,False,Low,
baseline,BAS-010-AAF00D,Lateral Movement,9,10.7151,20,14552,1,False,False,Low,
baseline,BAS-010-AAF00D,Lateral Movement,10,13.0399,23,14721,1,False,False,High,
baseline,BAS-010-AAF00D,Lateral Movement,11,9.9214,25,14737,1,False,False,Low,
baseline,BAS-010-AAF00D,Lateral Movement,12,10.4517,27,14790,1,False,False,Medium,
baseline,BAS-010-AAF00D,Lateral Movement,13,17.8862,30,15224,1,False,False,Low,
baseline,BAS-010-AAF00D,Lateral Movement,14,8.9003,32,15256,1,False,False,Low,
baseline,BAS-010-AAF00D,Lateral Movement,15,4.8796,34,15287,1,False,False,Medium,
baseline,BAS-010-AAF00D,Lateral Movement,16,8.0104,37,15480,1,False,False,Medium,
baseline,BAS-010-AAF00D,Lateral Movement,17,7.0103,39,15581,1,False,False,Medium,
baseline,BAS-010-AAF00D,Lateral Movement,18,5.4112,41,15613,1,False,False,Medium,
baseline,BAS-010-AAF00D,Lateral Movement,19,4.5369,43,15632,1,False,False,Low,
baseline,BAS-010-AAF00D,Lateral Movement,20,7.9319,46,15799,1,False,False,High,
baseline,BAS-010-AAF00D,Lateral Movement,21,5.7132,48,15827,1,False,False,Medium,
baseline,BAS-010-AAF00D,Lateral Movement,22,6.5287,50,15921,1,False,False,Medium,
baseline,BAS-010-AAF00D,Lateral Movement,23,5.0009,52,15946,1,False,False,Low,
baseline,BAS-010-AAF00D,Lateral Movement,24,5.667,54,16006,1,False,False,High,
baseline,BAS-010-AAF00D,Lateral Movement,25,8.1739,56,16117,1,False,False,Low,
baseline,BAS-011-AD4945,Collection,1,6.0049,2,91,1,False,False,High,
baseline,BAS-011-AD4945,Collection,2,7.7077,4,279,1,False,False,Medium,
baseline,BAS-011-AD4945,Collection,3,5.014,6,302,1,False,False,Low,
baseline,BAS-011-AD4945,Collection,4,5.117,8,344,1,False,False,Low,
baseline,BAS-011-AD4945,Collection,5,5.1698,10,414,1,False,False,Low,
baseline,BAS-011-AD4945,Collection,6,4.7109,12,457,1,False,False,Low,
baseline,BAS-011-AD4945,Collection,7,5.686,14,539,1,False,False,Low,
baseline,BAS-011-AD4945,Collection,8,5.7442,16,626,1,False,False,Low,
baseline,BAS-011-AD4945,Collection,9,4.3848,18,650,1,False,False,Medium,
baseline,BAS-011-AD4945,Collection,10,5.7087,20,721,1,False,False,Low,
baseline,BAS-011-AD4945,Collection,11,5.0193,22,754,1,False,False,Low,
baseline,BAS-011-AD4945,Collection,12,4.3218,24,785,1,False,False,Low,
baseline,BAS-011-AD4945,Collection,13,7.111,26,908,1,False,False,Low,
baseline,BAS-011-AD4945,Collection,14,7.3694,28,1042,1,False,False,Medium,
baseline,BAS-011-AD4945,Collection,15,12.4136,30,1596,1,False,False,Low,
baseline,BAS-011-AD4945,Collection,16,11.2835,32,1834,1,False,False,Medium,
baseline,BAS-011-AD4945,Collection,17,6.6058,34,1927,1,False,False,Medium,
baseline,BAS-011-AD4945,Collection,18,5.1669,36,1982,1,False,False,Medium,
baseline,BAS-011-AD4945,Collection,19,10.3465,38,2220,1,False,False,Medium,
baseline,BAS-011-AD4945,Collection,20,5.7868,40,2269,1,False,False,Low,
baseline,BAS-011-AD4945,Collection,21,8.1917,42,2455,1,False,False,Low,
baseline,BAS-011-AD4945,Collection,22,5.7898,44,2502,1,False,False,Medium,
baseline,BAS-011-AD4945,Collection,23,5.8811,46,2565,1,False,False,Medium,
baseline,BAS-011-AD4945,Collection,24,5.4144,48,2627,1,False,False,Medium,
baseline,BAS-011-AD4945,Collection,25,8.3677,50,2813,1,False,False,Low,
baseline,BAS-012-4C0BDD,Command and Control,1,4.9502,2,27,1,False,False,Low,
baseline,BAS-012-4C0BDD,Command and Control,2,5.4608,4,96,1,False,False,Low,
baseline,BAS-012-4C0BDD,Command and Control,3,5.9953,6,194,1,False,False,Medium,
baseline,BAS-012-4C0BDD,Command and Control,4,4.8415,8,228,1,False,False,High,
baseline,BAS-012-4C0BDD,Command and Control,5,5.408,10,294,1,False,False,Medium,
baseline,BAS-012-4C0BDD,Command and Control,6,4.6694,12,325,1,False,False,High,
baseline,BAS-012-4C0BDD,Command and Control,7,5.2794,14,364,1,False,False,Medium,
baseline,BAS-012-4C0BDD,Command and Control,8,4.7812,16,397,1,False,False,Low,
baseline,BAS-012-4C0BDD,Command and Control,9,6.182,18,496,1,False,False,Medium,
baseline,BAS-012-4C0BDD,Command and Control,10,6.8359,20,585,1,False,False,Low,
baseline,BAS-012-4C0BDD,Command and Control,11,5.1219,22,625,1,False,False,Medium,
baseline,BAS-012-4C0BDD,Command and Control,12,5.1975,24,668,1,False,False,Low,
baseline,BAS-012-4C0BDD,Command and Control,13,5.2586,26,740,1,False,False,High,
baseline,BAS-012-4C0BDD,Command and Control,14,5.8625,28,812,1,False,False,Critical,
baseline,BAS-013-D88120,Exfiltration,1,6.3408,2,99,1,False,False,Medium,
baseline,BAS-013-D88120,Exfiltration,2,5.5299,4,131,1,False,False,Medium,
baseline,BAS-013-D88120,Exfiltration,3,4.8973,6,151,1,False,False,Low,
baseline,BAS-013-D88120,Exfiltration,4,4.7733,8,189,1,False,False,Low,
baseline,BAS-013-D88120,Exfiltration,5,6.0274,10,303,1,False,False,Medium,
baseline,BAS-013-D88120,Exfiltration,6,8.2672,12,487,1,False,False,Medium,
baseline,BAS-013-D88120,Exfiltration,7,6.4505,14,584,1,False,False,Medium,
baseline,BAS-013-D88120,Exfiltration,8,5.9342,16,681,1,False,False,Medium,
baseline,BAS-013-D88120,Exfiltration,9,5.4536,18,758,1,False,False,Medium,
baseline,BAS-013-D88120,Exfiltration,10,6.7759,20,906,1,False,False,Medium,
baseline,BAS-013-D88120,Exfiltration,11,5.9049,22,1029,1,False,False,Medium,
baseline,BAS-013-D88120,Exfiltration,12,7.2329,24,1241,1,False,False,Medium,
baseline,BAS-013-D88120,Exfiltration,13,7.372,26,1398,1,False,False,Medium,
baseline,BAS-013-D88120,Exfiltration,14,5.9001,28,1508,1,False,False,Medium,
baseline,BAS-013-D88120,Exfiltration,15,6.0143,30,1620,1,False,False,Medium,
baseline,BAS-013-D88120,Exfiltration,16,5.4778,32,1697,1,False,False,Medium,
baseline,BAS-013-D88120,Exfiltration,17,6.2814,34,1805,1,False,False,High,
baseline,BAS-013-D88120,Exfiltration,18,6.0081,36,1837,1,False,False,Medium,
baseline,BAS-013-D88120,Exfiltration,19,7.7975,38,1957,1,False,False,Medium,
baseline,BAS-013-D88120,Exfiltration,20,6.1826,40,2069,1,False,False,Medium,
baseline,BAS-013-D88120,Exfiltration,21,6.3396,42,2179,1,False,False,Medium,
baseline,BAS-013-D88120,Exfiltration,22,6.4649,44,2311,1,False,False,Medium,
baseline,BAS-013-D88120,Exfiltration,23,6.0153,46,2419,1,False,False,Medium,
baseline,BAS-013-D88120,Exfiltration,24,5.5545,48,2451,1,False,False,Medium,
baseline,BAS-013-D88120,Exfiltration,25,5.6844,50,2522,1,False,False,Medium,
baseline,BAS-014-92D241,Impact,1,5.0191,2,62,1,False,False,Low,
baseline,BAS-014-92D241,Impact,2,4.349,4,83,1,False,False,High,
baseline,BAS-014-92D241,Impact,3,4.4698,6,100,1,False,False,Low,
baseline,BAS-014-92D241,Impact,4,4.8871,8,154,1,False,False,Medium,
baseline,BAS-014-92D241,Impact,5,3.9664,10,166,1,False,False,Low,
baseline,BAS-014-92D241,Impact,6,7.5894,12,392,1,False,False,High,
baseline,BAS-014-92D241,Impact,7,4.7539,14,416,1,False,False,Low,
baseline,BAS-014-92D241,Impact,8,5.0178,16,452,1,False,False,Low,
baseline,BAS-014-92D241,Impact,9,4.823,18,473,1,False,False,High,
baseline,BAS-014-92D241,Impact,10,4.5746,20,513,1,False,False,Low,
baseline,BAS-014-92D241,Impact,11,5.6124,22,597,1,False,False,High,
baseline,BAS-014-92D241,Impact,12,5.5129,24,696,1,False,False,Medium,
baseline,BAS-014-92D241,Impact,13,7.2012,26,858,1,False,False,Medium,
baseline,BAS-014-92D241,Impact,14,4.6195,28,879,1,False,False,High,
baseline,BAS-014-92D241,Impact,15,6.1303,30,1009,1,False,False,Medium,
baseline,BAS-014-92D241,Impact,16,5.8959,32,1139,1,False,False,Medium,
baseline,BAS-014-92D241,Impact,17,4.7275,34,1160,1,False,False,High,
baseline,BAS-014-92D241,Impact,18,4.8196,36,1206,1,False,False,Low,
baseline,BAS-014-92D241,Impact,19,5.7368,38,1330,1,False,False,High,
baseline,BAS-014-92D241,Impact,20,8.8112,40,1535,1,False,False,Low,
baseline,BAS-014-92D241,Impact,21,8.4146,42,1717,1,False,False,High,
baseline,BAS-014-92D241,Impact,22,5.9725,44,1801,1,False,False,High,
baseline,BAS-014-92D241,Impact,23,6.3615,46,1900,1,False,False,Low,
baseline,BAS-014-92D241,Impact,24,5.0762,48,1921,1,False,False,High,
baseline,BAS-014-92D241,Impact,25,3.9757,50,1933,1,False,False,Low,
baseline,BAS-015-0323C1,Reconnaissance,1,5.9914,2,145,1,False,False,Low,
baseline,BAS-015-0323C1,Reconnaissance,2,9.4505,4,473,1,False,False,Low,
baseline,BAS-015-0323C1,Reconnaissance,3,5.7005,6,535,1,False,False,Low,
baseline,BAS-015-0323C1,Reconnaissance,4,6.7355,8,652,1,False,False,Low,
baseline,BAS-015-0323C1,Reconnaissance,5,8.7238,10,807,1,False,False,Low,
baseline,BAS-015-0323C1,Reconnaissance,6,5.5921,12,865,1,False,False,Low,
baseline,BAS-015-0323C1,Reconnaissance,7,4.3343,14,882,1,False,False,Low,
baseline,BAS-015-0323C1,Reconnaissance,8,11.2922,16,1592,1,False,False,Medium,
baseline,BAS-015-0323C1,Reconnaissance,9,7.0784,18,1707,1,False,False,Medium,
baseline,BAS-015-0323C1,Reconnaissance,10,5.6247,20,1783,1,False,False,High,
baseline,BAS-015-0323C1,Reconnaissance,11,6.8845,22,1928,1,False,False,Low,
baseline,BAS-015-0323C1,Reconnaissance,12,7.5562,24,2042,1,False,False,Low,
baseline,BAS-015-0323C1,Reconnaissance,13,8.9941,26,2254,1,False,False,Low,
baseline,BAS-015-0323C1,Reconnaissance,14,5.6307,28,2309,1,False,False,Low,
baseline,BAS-015-0323C1,Reconnaissance,15,7.084,30,2454,1,False,False,Low,
baseline,BAS-015-0323C1,Reconnaissance,16,5.6383,32,2509,1,False,False,Low,
baseline,BAS-015-0323C1,Reconnaissance,17,5.0403,34,2528,1,False,False,Low,
baseline,BAS-015-0323C1,Reconnaissance,18,5.4655,36,2582,1,False,False,Low,
baseline,BAS-015-0323C1,Reconnaissance,19,6.6748,38,2727,1,False,False,Low,
baseline,BAS-015-0323C1,Reconnaissance,20,8.0439,40,2852,1,False,False,Low,
baseline,BAS-015-0323C1,Reconnaissance,21,5.8411,42,2911,1,False,False,Low,
baseline,BAS-015-0323C1,Reconnaissance,22,5.27,44,2969,1,False,False,Low,
baseline,BAS-015-0323C1,Reconnaissance,23,9.1129,46,3168,1,False,False,Low,
baseline,BAS-015-0323C1,Reconnaissance,24,7.06,48,3263,1,False,False,High,
baseline,BAS-015-0323C1,Reconnaissance,25,6.9168,50,3408,1,False,False,Low,
baseline,BAS-016-6CDC7A,Resource Development,1,4.8387,2,31,1,False,False,Low,
baseline,BAS-016-6CDC7A,Resource Development,2,5.2088,4,89,1,False,False,Low,
baseline,BAS-016-6CDC7A,Resource Development,3,5.7587,6,136,1,False,False,Medium,
baseline,BAS-016-6CDC7A,Resource Development,4,4.1785,8,152,1,False,False,Low,
baseline,BAS-016-6CDC7A,Resource Development,5,9.4569,10,355,1,False,False,High,
baseline,BAS-016-6CDC7A,Resource Development,6,6.4479,12,448,1,False,False,Medium,
baseline,BAS-016-6CDC7A,Resource Development,7,6.1045,14,553,1,False,False,Low,
baseline,BAS-016-6CDC7A,Resource Development,8,5.3524,16,591,1,False,False,Medium,
baseline,BAS-016-6CDC7A,Resource Development,9,5.3828,18,633,1,False,False,Medium,
baseline,BAS-016-6CDC7A,Resource Development,10,4.3364,20,664,1,False,False,Low,
baseline,BAS-016-6CDC7A,Resource Development,11,5.8632,22,771,1,False,False,Medium,
baseline,BAS-016-6CDC7A,Resource Development,12,5.7077,24,858,1,False,False,Low,
baseline,BAS-016-6CDC7A,Resource Development,13,5.0073,26,915,1,False,False,Low,
baseline,BAS-016-6CDC7A,Resource Development,14,7.7856,28,1097,1,False,False,Medium,
baseline,BAS-016-6CDC7A,Resource Development,15,5.5401,30,1161,1,False,False,Low,
baseline,BAS-016-6CDC7A,Resource Development,16,7.624,32,1342,1,False,False,Medium,
baseline,BAS-016-6CDC7A,Resource Development,17,5.4032,34,1400,1,False,False,Low,
baseline,BAS-016-6CDC7A,Resource Development,18,4.5339,36,1431,1,False,False,Low,
baseline,BAS-016-6CDC7A,Resource Development,19,5.7934,38,1529,1,False,False,Medium,
baseline,BAS-016-6CDC7A,Resource Development,20,5.0891,40,1543,1,False,False,Low,
baseline,BAS-016-6CDC7A,Resource Development,21,4.1935,42,1574,1,False,False,Low,
baseline,BAS-016-6CDC7A,Resource Development,22,6.2447,44,1686,1,False,False,Medium,
baseline,BAS-016-6CDC7A,Resource Development,23,5.9456,46,1774,1,False,False,Low,
baseline,BAS-016-6CDC7A,Resource Development,24,4.2191,48,1790,1,False,False,Low,
baseline,BAS-016-6CDC7A,Resource Development,25,6.3851,50,1900,1,False,False,Low,
baseline,BAS-017-3916A0,Initial Access,1,4.9248,2,52,1,False,False,Low,
baseline,BAS-017-3916A0,Initial Access,2,4.3455,4,75,1,False,False,Medium,
baseline,BAS-017-3916A0,Initial Access,3,10.1169,6,146,1,False,False,Medium,
baseline,BAS-017-3916A0,Initial Access,4,6.2644,8,260,1,False,False,Medium,
baseline,BAS-017-3916A0,Initial Access,5,5.9878,10,374,1,False,False,Medium,
baseline,BAS-017-3916A0,Initial Access,6,5.8718,12,445,1,False,False,Medium,
baseline,BAS-017-3916A0,Initial Access,7,6.0919,14,569,1,False,False,Medium,
baseline,BAS-017-3916A0,Initial Access,8,5.7368,16,634,1,False,False,Low,
baseline,BAS-017-3916A0,Initial Access,9,6.1326,18,704,1,False,False,Medium,
baseline,BAS-017-3916A0,Initial Access,10,6.5749,20,827,1,False,False,Medium,
baseline,BAS-017-3916A0,Initial Access,11,6.5224,22,950,1,False,False,Medium,
baseline,BAS-017-3916A0,Initial Access,12,6.5678,24,1081,1,False,False,Medium,
baseline,BAS-017-3916A0,Initial Access,13,5.6356,26,1151,1,False,False,Medium,
baseline,BAS-017-3916A0,Initial Access,14,6.1409,28,1274,1,False,False,Medium,
baseline,BAS-017-3916A0,Initial Access,15,5.8153,30,1341,1,False,False,Medium,
baseline,BAS-017-3916A0,Initial Access,16,6.1266,32,1458,1,False,False,Medium,
baseline,BAS-017-3916A0,Initial Access,17,5.8695,34,1525,1,False,False,Medium,
baseline,BAS-017-3916A0,Initial Access,18,6.2869,36,1642,1,False,False,Medium,
baseline,BAS-017-3916A0,Initial Access,19,5.8271,38,1713,1,False,False,Medium,
baseline,BAS-017-3916A0,Initial Access,20,6.0368,40,1837,1,False,False,Medium,
baseline,BAS-017-3916A0,Initial Access,21,5.7598,42,1901,1,False,False,Medium,
baseline,BAS-017-3916A0,Initial Access,22,6.0687,44,1997,1,False,False,Medium,
baseline,BAS-017-3916A0,Initial Access,23,5.3745,46,2092,1,False,False,Medium,
baseline,BAS-017-3916A0,Initial Access,24,6.1554,48,2216,1,False,False,Medium,
baseline,BAS-017-3916A0,Initial Access,25,6.0668,50,2308,1,False,False,High,
baseline,BAS-018-D19D4A,Execution,1,5.4932,2,43,1,False,False,Low,
baseline,BAS-018-D19D4A,Execution,2,4.4863,4,67,1,False,False,Medium,
baseline,BAS-018-D19D4A,Execution,3,5.4187,6,119,1,False,False,Low,
baseline,BAS-018-D19D4A,Execution,4,6.1197,8,201,1,False,False,High,
baseline,BAS-018-D19D4A,Execution,5,7.4792,10,350,1,False,False,Low,
baseline,BAS-018-D19D4A,Execution,6,7.1126,12,428,1,False,False,Medium,
baseline,BAS-018-D19D4A,Execution,7,7.1012,14,566,1,False,False,Low,
baseline,BAS-018-D19D4A,Execution,8,5.7115,16,634,1,False,False,Medium,
baseline,BAS-018-D19D4A,Execution,9,8.5651,18,794,1,False,False,Low,
baseline,BAS-018-D19D4A,Execution,10,7.0958,20,894,1,False,False,Medium,
baseline,BAS-018-D19D4A,Execution,11,5.0899,22,931,1,False,False,Low,
baseline,BAS-018-D19D4A,Execution,12,4.4281,24,953,1,False,False,Low,
baseline,BAS-018-D19D4A,Execution,13,5.8911,26,1026,1,False,False,Low,
baseline,BAS-018-D19D4A,Execution,14,5.586,28,1083,1,False,False,Medium,
baseline,BAS-018-D19D4A,Execution,15,8.6644,30,1258,1,False,False,Low,
baseline,BAS-018-D19D4A,Execution,16,6.416,32,1325,1,False,False,Medium,
baseline,BAS-018-D19D4A,Execution,17,5.4539,34,1368,1,False,False,Low,
baseline,BAS-018-D19D4A,Execution,18,6.6581,36,1440,1,False,False,Medium,
baseline,BAS-018-D19D4A,Execution,19,5.1326,38,1469,1,False,False,Low,
baseline,BAS-018-D19D4A,Execution,20,6.3257,40,1558,1,False,False,High,
baseline,BAS-018-D19D4A,Execution,21,5.4899,42,1600,1,False,False,Low,
baseline,BAS-018-D19D4A,Execution,22,5.5383,44,1652,1,False,False,Medium,
baseline,BAS-018-D19D4A,Execution,23,6.908,46,1734,1,False,False,High,
baseline,BAS-018-D19D4A,Execution,24,4.6785,48,1759,1,False,False,Low,
baseline,BAS-018-D19D4A,Execution,25,7.5289,50,1885,1,False,False,High,
baseline,BAS-019-57585B,Persistence,1,5.7104,2,49,1,False,False,Low,
baseline,BAS-019-57585B,Persistence,2,19.3002,4,843,1,False,False,Medium,
baseline,BAS-019-57585B,Persistence,3,19.0332,6,1618,1,False,False,Medium,
baseline,BAS-019-57585B,Persistence,4,7.3658,8,1698,1,False,False,Low,
baseline,BAS-019-57585B,Persistence,5,6.7291,10,1759,1,False,False,Low,
baseline,BAS-019-57585B,Persistence,6,6.5278,12,1909,1,False,False,Medium,
baseline,BAS-019-57585B,Persistence,7,5.6835,14,1968,1,False,False,High,
baseline,BAS-019-57585B,Persistence,8,22.6591,16,2762,1,False,False,Medium,
baseline,BAS-019-57585B,Persistence,9,20.164,18,3534,1,False,False,Medium,
baseline,BAS-019-57585B,Persistence,10,10.3552,20,3802,1,False,False,Medium,
baseline,BAS-019-57585B,Persistence,11,11.0229,22,4185,1,False,False,Medium,
baseline,BAS-019-57585B,Persistence,12,9.7106,24,4474,1,False,False,Medium,
baseline,BAS-019-57585B,Persistence,13,13.7964,26,5002,1,False,False,Medium,
baseline,BAS-019-57585B,Persistence,14,11.1236,28,5281,1,False,False,Medium,
baseline,BAS-019-57585B,Persistence,15,10.5226,30,5575,1,False,False,Medium,
baseline,BAS-019-57585B,Persistence,16,10.1462,32,5859,1,False,False,Medium,
baseline,BAS-019-57585B,Persistence,17,10.208,34,6153,1,False,False,Medium,
baseline,BAS-019-57585B,Persistence,18,10.7317,36,6442,1,False,False,Medium,
baseline,BAS-019-57585B,Persistence,19,10.5818,38,6736,1,False,False,Medium,
baseline,BAS-019-57585B,Persistence,20,9.0104,40,6895,1,False,False,Medium,
baseline,BAS-019-57585B,Persistence,21,6.0565,42,6949,1,False,False,Medium,
baseline,BAS-019-57585B,Persistence,22,19.7224,44,7741,1,False,False,Medium,
baseline,BAS-019-57585B,Persistence,23,20.7504,46,8513,1,False,False,Medium,
baseline,BAS-019-57585B,Persistence,24,9.5135,48,8718,1,False,False,Medium,
baseline,BAS-019-57585B,Persistence,25,10.7057,50,9007,1,False,False,Medium,
baseline,BAS-020-E1C199,Privilege Escalation,1,5.1449,2,26,1,False,False,Low,
baseline,BAS-020-E1C199,Privilege Escalation,2,4.775,4,58,1,False,False,Medium,
baseline,BAS-020-E1C199,Privilege Escalation,3,5.082,6,115,1,False,False,Low,
baseline,BAS-020-E1C199,Privilege Escalation,4,5.796,8,210,1,False,False,High,
baseline,BAS-020-E1C199,Privilege Escalation,5,8.4603,10,555,1,False,False,Medium,
baseline,BAS-020-E1C199,Privilege Escalation,6,10.5749,12,871,1,False,False,Medium,
baseline,BAS-020-E1C199,Privilege Escalation,7,6.5815,14,961,1,False,False,High,
baseline,BAS-020-E1C199,Privilege Escalation,8,6.3311,16,1082,1,False,False,Medium,
baseline,BAS-020-E1C199,Privilege Escalation,9,4.7878,18,1138,1,False,False,Low,
baseline,BAS-020-E1C199,Privilege Escalation,10,5.6343,20,1190,1,False,False,High,
baseline,BAS-020-E1C199,Privilege Escalation,11,4.675,22,1216,1,False,False,Low,
baseline,BAS-020-E1C199,Privilege Escalation,12,4.2479,24,1248,1,False,False,Low,
baseline,BAS-020-E1C199,Privilege Escalation,13,8.47,26,1589,1,False,False,Medium,
baseline,BAS-020-E1C199,Privilege Escalation,14,35.2405,28,1719,1,False,False,Low,
baseline,BAS-020-E1C199,Privilege Escalation,15,14.2753,30,2225,1,False,False,Medium,
baseline,BAS-020-E1C199,Privilege Escalation,16,12.4272,32,2626,1,False,False,Low,
baseline,BAS-020-E1C199,Privilege Escalation,16,-1,33,2701,-1,False,False,Low,CRASH@turn16: ReadError
baseline,BAS-021-8A3ABE,Defense Evasion,0,-1,1,21,-1,False,False,Low,CRASH@turn0: ReadError
baseline,BAS-022-B630FF,Credential Access,1,84.4853,2,16,1,False,False,Low,
baseline,BAS-022-B630FF,Credential Access,2,5.9359,4,49,1,False,False,Low,
baseline,BAS-022-B630FF,Credential Access,3,7.797,6,289,1,False,False,Medium,
baseline,BAS-022-B630FF,Credential Access,3,-1,8,755,-1,False,False,Medium,CRASH@turn3: ConnectError
baseline,BAS-023-5FA503,Discovery,1,12.873,2,150,1,False,False,Low,
baseline,BAS-023-5FA503,Discovery,2,10.9972,4,325,1,False,False,Low,
baseline,BAS-023-5FA503,Discovery,3,5.1834,6,338,1,False,False,Low,
baseline,BAS-023-5FA503,Discovery,4,7.3785,8,428,1,False,False,Low,
baseline,BAS-023-5FA503,Discovery,5,5.6289,10,474,1,False,False,Medium,
baseline,BAS-023-5FA503,Discovery,6,6.3419,12,588,1,False,False,Low,
baseline,BAS-023-5FA503,Discovery,7,4.6579,14,601,1,False,False,Low,
baseline,BAS-023-5FA503,Discovery,8,5.3099,16,635,1,False,False,Low,
baseline,BAS-023-5FA503,Discovery,9,4.8797,18,656,1,False,False,Low,
baseline,BAS-023-5FA503,Discovery,10,5.2424,20,718,1,False,False,Low,
baseline,BAS-023-5FA503,Discovery,11,6.1394,22,797,1,False,False,Low,
baseline,BAS-023-5FA503,Discovery,12,5.8443,24,849,1,False,False,Medium,
baseline,BAS-023-5FA503,Discovery,13,5.4531,26,914,1,False,False,Low,
baseline,BAS-023-5FA503,Discovery,14,6.1008,28,981,1,False,False,Medium,
baseline,BAS-023-5FA503,Discovery,15,4.8728,30,1007,1,False,False,High,
baseline,BAS-023-5FA503,Discovery,16,5.185,32,1027,1,False,False,Low,
baseline,BAS-023-5FA503,Discovery,17,5.4507,34,1071,1,False,False,Low,
baseline,BAS-023-5FA503,Discovery,18,4.9109,36,1094,1,False,False,Low,
baseline,BAS-023-5FA503,Discovery,19,6.0329,38,1157,1,False,False,Low,
baseline,BAS-023-5FA503,Discovery,20,5.2589,40,1194,1,False,False,High,
baseline,BAS-023-5FA503,Discovery,21,4.9232,42,1216,1,False,False,Low,
baseline,BAS-023-5FA503,Discovery,22,8.776,44,1539,1,False,False,Low,
baseline,BAS-023-5FA503,Discovery,23,6.0732,46,1603,1,False,False,Medium,
baseline,BAS-023-5FA503,Discovery,24,7.5758,48,1712,1,False,False,Low,
baseline,BAS-023-5FA503,Discovery,25,7.1688,50,1796,1,False,False,Low,
baseline,BAS-024-73944C,Lateral Movement,1,7.3552,2,102,1,False,False,Low,
baseline,BAS-024-73944C,Lateral Movement,2,7.131,4,233,1,False,False,High,
baseline,BAS-024-73944C,Lateral Movement,3,10.292,6,439,1,False,False,Low,
baseline,BAS-024-73944C,Lateral Movement,4,7.5534,8,540,1,False,False,Medium,
baseline,BAS-024-73944C,Lateral Movement,5,6.2039,10,679,1,False,False,Medium,
baseline,BAS-024-73944C,Lateral Movement,6,7.39,12,835,1,False,False,Medium,
baseline,BAS-024-73944C,Lateral Movement,7,11.902,14,1351,1,False,False,Low,
baseline,BAS-024-73944C,Lateral Movement,8,10.6518,16,1764,1,False,False,Medium,
baseline,BAS-024-73944C,Lateral Movement,9,7.3822,18,1903,1,False,False,Medium,
baseline,BAS-024-73944C,Lateral Movement,10,8.572,20,2075,1,False,False,Low,
baseline,BAS-024-73944C,Lateral Movement,11,6.3402,22,2146,1,False,False,High,
baseline,BAS-024-73944C,Lateral Movement,12,7.3157,24,2248,1,False,False,Low,
baseline,BAS-024-73944C,Lateral Movement,13,7.8492,26,2406,1,False,False,Medium,
baseline,BAS-024-73944C,Lateral Movement,14,8.429,28,2529,1,False,False,Medium,
baseline,BAS-024-73944C,Lateral Movement,15,8.185,30,2687,1,False,False,Medium,
baseline,BAS-024-73944C,Lateral Movement,16,7.7689,32,2845,1,False,False,Medium,
baseline,BAS-024-73944C,Lateral Movement,17,7.8505,34,3005,1,False,False,Medium,
baseline,BAS-024-73944C,Lateral Movement,18,6.3108,36,3073,1,False,False,High,
baseline,BAS-024-73944C,Lateral Movement,19,12.9783,38,3808,1,False,False,Low,
baseline,BAS-024-73944C,Lateral Movement,20,10.9984,40,4250,1,False,False,Low,
baseline,BAS-024-73944C,Lateral Movement,21,7.5793,42,4325,1,False,False,Medium,
baseline,BAS-024-73944C,Lateral Movement,22,4.5724,44,4337,1,False,False,Low,
baseline,BAS-024-73944C,Lateral Movement,23,6.1065,46,4441,1,False,False,Medium,
baseline,BAS-024-73944C,Lateral Movement,24,7.285,48,4543,1,False,False,Low,
baseline,BAS-024-73944C,Lateral Movement,25,14.1277,50,5101,1,False,False,Medium,
baseline,BAS-025-BAACFD,Collection,1,4.7578,2,16,1,False,False,Low,
baseline,BAS-025-BAACFD,Collection,2,5.9645,4,119,1,False,False,Low,
baseline,BAS-025-BAACFD,Collection,3,5.9992,6,180,1,False,False,Low,
baseline,BAS-025-BAACFD,Collection,4,5.0225,8,209,1,False,False,Low,
baseline,BAS-025-BAACFD,Collection,5,8.6068,10,491,1,False,False,Medium,
baseline,BAS-025-BAACFD,Collection,6,5.8959,12,533,1,False,False,High,
baseline,BAS-025-BAACFD,Collection,7,4.9526,14,585,1,False,False,Medium,
baseline,BAS-025-BAACFD,Collection,8,4.5241,16,601,1,False,False,Low,
baseline,BAS-025-BAACFD,Collection,9,5.5274,18,707,1,False,False,Low,
baseline,BAS-025-BAACFD,Collection,10,7.2675,20,840,1,False,False,Low,
baseline,BAS-025-BAACFD,Collection,11,5.1056,22,901,1,False,False,Low,
baseline,BAS-025-BAACFD,Collection,12,11.9895,26,1283,1,False,False,Low,
baseline,BAS-025-BAACFD,Collection,13,16.2858,30,1789,1,False,False,Medium,
baseline,BAS-025-BAACFD,Collection,14,16.3374,34,2300,1,False,False,Medium,
baseline,BAS-025-BAACFD,Collection,15,27.6041,38,3104,1,False,False,Low,
baseline,BAS-025-BAACFD,Collection,16,19.4356,42,3835,1,False,False,Low,
baseline,BAS-025-BAACFD,Collection,17,18.5749,46,4370,1,False,False,Medium,
baseline,BAS-025-BAACFD,Collection,18,13.5644,50,4751,1,False,False,Low,
baseline,BAS-025-BAACFD,Collection,19,10.0903,53,4994,1,False,False,High,
baseline,BAS-025-BAACFD,Collection,20,4.9246,55,5010,1,False,False,Low,
baseline,BAS-025-BAACFD,Collection,21,18.934,59,5697,1,False,False,Low,
baseline,BAS-025-BAACFD,Collection,22,16.8008,63,6208,1,False,False,Medium,
baseline,BAS-025-BAACFD,Collection,22,2.6557,64,6225,1,False,True,Medium,Illusion Broken
baseline,BAS-025-BAACFD,Collection,22,4.7298,65,6242,1,False,True,Medium,Illusion Broken
baseline,BAS-025-BAACFD,Collection,22,6.1184,65,6242,1,False,True,Low,Illusion Broken
baseline,BAS-025-BAACFD,Collection,23,6.1247,65,6242,1,False,True,Low,
baseline,BAS-026-CDBBFA,Command and Control,1,6.5639,2,88,1,False,False,Medium,
baseline,BAS-026-CDBBFA,Command and Control,2,7.0923,4,178,1,False,False,Low,
baseline,BAS-026-CDBBFA,Command and Control,3,8.8069,6,285,1,False,False,Medium,
baseline,BAS-026-CDBBFA,Command and Control,4,7.9582,8,431,1,False,False,Medium,
baseline,BAS-026-CDBBFA,Command and Control,5,7.9209,10,565,1,False,False,High,
baseline,BAS-026-CDBBFA,Command and Control,6,8.0348,12,643,1,False,False,Medium,
baseline,BAS-026-CDBBFA,Command and Control,7,6.4232,14,682,1,False,False,High,
baseline,BAS-026-CDBBFA,Command and Control,8,8.6537,16,828,1,False,False,Medium,
baseline,BAS-026-CDBBFA,Command and Control,9,7.5588,18,952,1,False,False,Medium,
baseline,BAS-026-CDBBFA,Command and Control,10,7.8546,20,1081,1,False,False,High,
baseline,BAS-026-CDBBFA,Command and Control,11,8.124,22,1209,1,False,False,Medium,
baseline,BAS-026-CDBBFA,Command and Control,12,11.5358,24,1333,1,False,False,Medium,
baseline,BAS-026-CDBBFA,Command and Control,13,12.9497,26,1464,1,False,False,Medium,
baseline,BAS-026-CDBBFA,Command and Control,14,12.7399,28,1597,1,False,False,High,
baseline,BAS-026-CDBBFA,Command and Control,15,10.4029,30,1726,1,False,False,Medium,
baseline,BAS-026-CDBBFA,Command and Control,16,12.6228,32,1851,1,False,False,High,
baseline,BAS-026-CDBBFA,Command and Control,17,10.1472,34,1976,1,False,False,High,
baseline,BAS-026-CDBBFA,Command and Control,18,11.2594,36,2097,1,False,False,High,
baseline,BAS-026-CDBBFA,Command and Control,19,11.2889,38,2192,1,False,False,High,
baseline,BAS-026-CDBBFA,Command and Control,19,-1,40,2327,-1,False,False,High,CRASH@turn19: ReadError
baseline,BAS-027-31695B,Exfiltration,1,10.1395,2,74,1,False,False,Medium,
baseline,BAS-027-31695B,Exfiltration,2,18.893,4,566,1,False,False,Low,
baseline,BAS-027-31695B,Exfiltration,3,8.2014,6,697,1,False,False,Low,
baseline,BAS-027-31695B,Exfiltration,4,18.0666,8,1391,1,False,False,Medium,
baseline,BAS-027-31695B,Exfiltration,5,6.391,10,1438,1,False,False,Low,
baseline,BAS-027-31695B,Exfiltration,6,4.5199,12,1469,1,False,False,Low,
baseline,BAS-027-31695B,Exfiltration,7,5.7335,14,1548,1,False,False,Medium,
baseline,BAS-027-31695B,Exfiltration,8,12.4702,16,1932,1,False,False,Low,
baseline,BAS-027-31695B,Exfiltration,9,15.3639,18,2450,1,False,False,Low,
baseline,BAS-027-31695B,Exfiltration,10,7.7881,20,2577,1,False,False,Medium,
baseline,BAS-027-31695B,Exfiltration,11,6.8309,22,2656,1,False,False,Medium,
baseline,BAS-027-31695B,Exfiltration,12,5.5621,24,2730,1,False,False,Medium,
baseline,BAS-027-31695B,Exfiltration,13,4.4725,26,2746,1,False,False,Low,
baseline,BAS-027-31695B,Exfiltration,14,7.4008,28,2875,1,False,False,Low,
baseline,BAS-027-31695B,Exfiltration,15,17.2362,30,3433,1,False,False,Low,
baseline,BAS-027-31695B,Exfiltration,16,19.0091,32,4084,1,False,False,Medium,
baseline,BAS-027-31695B,Exfiltration,17,9.6749,34,4304,1,False,False,Medium,
baseline,BAS-027-31695B,Exfiltration,18,17.328,36,4888,1,False,False,Medium,
baseline,BAS-027-31695B,Exfiltration,19,18.7362,38,5482,1,False,False,Medium,
baseline,BAS-027-31695B,Exfiltration,20,17.809,40,6076,1,False,False,Medium,
baseline,BAS-027-31695B,Exfiltration,21,8.4156,42,6165,1,False,False,Medium,
baseline,BAS-027-31695B,Exfiltration,22,5.2514,44,6196,1,False,False,Low,
baseline,BAS-027-31695B,Exfiltration,23,16.2449,46,6790,1,False,False,Medium,
baseline,BAS-027-31695B,Exfiltration,24,10.1599,48,7020,1,False,False,Medium,
baseline,BAS-027-31695B,Exfiltration,25,6.0023,50,7058,1,False,False,High,
baseline,BAS-028-69C891,Impact,1,7.7028,2,172,1,False,False,Low,
baseline,BAS-028-69C891,Impact,2,5.5939,4,187,1,False,False,High,
baseline,BAS-028-69C891,Impact,3,4.8979,6,205,1,False,False,Low,
baseline,BAS-028-69C891,Impact,4,4.8102,8,258,1,False,False,Low,
baseline,BAS-028-69C891,Impact,5,7.496,10,404,1,False,False,Medium,
baseline,BAS-028-69C891,Impact,6,5.7649,12,441,1,False,False,Low,
baseline,BAS-028-69C891,Impact,7,5.2732,14,492,1,False,False,Low,
baseline,BAS-028-69C891,Impact,8,4.4503,16,513,1,False,False,Low,
baseline,BAS-028-69C891,Impact,9,4.9568,18,541,1,False,False,Low,
baseline,BAS-028-69C891,Impact,10,10.2496,20,744,1,False,False,Low,
baseline,BAS-028-69C891,Impact,11,5.7967,22,792,1,False,False,Medium,
baseline,BAS-028-69C891,Impact,12,4.939,24,838,1,False,False,Medium,
baseline,BAS-028-69C891,Impact,13,5.211,26,857,1,False,False,Low,
baseline,BAS-028-69C891,Impact,14,7.7893,28,981,1,False,False,Low,
baseline,BAS-028-69C891,Impact,15,7.6674,30,1105,1,False,False,Low,
baseline,BAS-028-69C891,Impact,16,5.8528,32,1142,1,False,False,Low,
baseline,BAS-028-69C891,Impact,17,4.4178,34,1158,1,False,False,Low,
baseline,BAS-028-69C891,Impact,18,5.3839,36,1210,1,False,False,Medium,
baseline,BAS-028-69C891,Impact,19,7.4588,38,1382,1,False,False,Low,
baseline,BAS-028-69C891,Impact,20,5.6619,40,1406,1,False,False,High,
baseline,BAS-028-69C891,Impact,21,7.7204,42,1578,1,False,False,Low,
baseline,BAS-028-69C891,Impact,22,5.6463,44,1602,1,False,False,High,
baseline,BAS-028-69C891,Impact,23,4.448,46,1618,1,False,False,Low,
baseline,BAS-028-69C891,Impact,24,9.6747,48,1827,1,False,False,Low,
baseline,BAS-028-69C891,Impact,25,6.0918,50,1867,1,False,False,Medium,

